{"stats":{"minecraft:custom":{"minecraft:mob_kills":5,"minecraft:open_barrel":3,"minecraft:leave_game":2,"minecraft:time_since_death":74028,"minecraft:sleep_in_bed":5,"minecraft:climb_one_cm":10301,"minecraft:damage_resisted":144,"minecraft:time_since_rest":16192,"minecraft:sprint_one_cm":206852,"minecraft:damage_taken":55,"minecraft:walk_one_cm":190532,"minecraft:drop":14,"minecraft:damage_dealt":1042,"minecraft:talked_to_villager":1,"minecraft:fly_one_cm":371341,"minecraft:open_chest":102,"minecraft:crouch_one_cm":16824,"minecraft:play_time":74028,"minecraft:sneak_time":4269,"minecraft:jump":1468,"minecraft:interact_with_brewingstand":1,"minecraft:walk_on_water_one_cm":715,"minecraft:total_world_time":74028,"minecraft:interact_with_smoker":2,"minecraft:fall_one_cm":36679},"minecraft:mined":{"minecraft:podzol":7,"minecraft:spruce_planks":3,"horror_element_mod:blood_3":1,"minecraft:soul_lantern":2,"minecraft:grass_block":5,"hunting_delight:pigcorpse":1,"minecraft:light_gray_bed":2,"apocalypsenow:rope":1,"minecraft:white_concrete":1,"minecraft:tall_grass":9,"minecraft:spruce_leaves":12,"minecraft:large_fern":1,"minecraft:white_terracotta":1,"minecraft:coarse_dirt":1,"minecraft:cobbled_deepslate":1,"minecraft:snow":2,"minecraft:spruce_log":11,"minecraft:birch_leaves":1,"bunker_down:steel_vent":1,"minecraft:wither_rose":1,"minecraft:grass":11,"minecraft:vine":6,"minecraft:dirt":8,"bunker_down:steel_block":1,"minecraft:oak_leaves":6,"minecraft:fern":2},"minecraft:dropped":{"apocalypsenow:yellow_football_armor_chestplate":1,"minecraft:porkchop":1,"apocalypsenow:blue_football_armor_helmet":1,"apocalypsenow:civilian_body_vest_chestplate":1,"apocalypsenow:u_sarmy_boots":1,"minecraft:emerald":1,"apocalypsenow:rusty_boots":1,"minecraft:dirt":2,"minecraft:black_candle":2,"apocalypsenow:construction_leggings":1,"apocalypsenow:divingsuit_leggings":1,"apocalypsenow:guitar":1,"minecraft:redstone":1},"minecraft:crafted":{"minecraft:spruce_planks":12},"minecraft:used":{"apocalypsenow:matches":7,"bunker_down:steel_vent":1,"apocalypsenow:rope":1,"minecraft:spruce_planks":5,"apocalypsenow:hunting_knife":4,"minecraft:spruce_log":4,"apocalypsenow:modern_tomahawk":12,"apocalypsenow:military_shovel":30,"bunker_down:steel_block":1,"apocalypsenow:meat_hammer":14,"minecraft:bread":4,"minecraft:soul_lantern":3,"apocalypsenow:taiga_1_survival_machete":41,"minecraft:light_gray_bed":2},"minecraft:killed":{"minecraft:pig":1,"apocalypsenow:looter_1":2,"apocalypsenow:runner_41":1,"apocalypsenow:runner_55":1},"minecraft:picked_up":{"apocalypsenow:yellow_football_armor_chestplate":1,"bunker_down:steel_vent":1,"apocalypsenow:blue_football_armor_helmet":1,"minecraft:dirt":2,"bunker_down:steel_block":1,"minecraft:wheat_seeds":3,"minecraft:spruce_planks":3,"minecraft:porkchop":2,"minecraft:spruce_log":11,"hunting_delight:animal_fat":1,"minecraft:light_gray_bed":2,"minecraft:soul_lantern":2,"apocalypsenow:rope":1,"hunting_delight:broken_bone":4,"minecraft:snowball":2}},"DataVersion":3120}