{"stats":{"minecraft:killed_by":{"minecraft:zombie_villager":1,"minecraft:player":2,"apocalypsenow:runner_54":1,"apocalypsenow:runner_46":1},"minecraft:custom":{"minecraft:mob_kills":27,"minecraft:interact_with_crafting_table":1,"minecraft:open_barrel":2,"minecraft:interact_with_campfire":16,"minecraft:bell_ring":1,"minecraft:damage_dealt_resisted":808,"minecraft:interact_with_stonecutter":1,"minecraft:leave_game":2,"minecraft:time_since_death":25746,"minecraft:sleep_in_bed":6,"minecraft:climb_one_cm":60959,"minecraft:time_since_rest":19022,"minecraft:sprint_one_cm":257673,"minecraft:damage_taken":1771,"minecraft:walk_one_cm":299037,"minecraft:trigger_trapped_chest":3,"minecraft:drop":69,"minecraft:damage_dealt":2628,"minecraft:talked_to_villager":1,"minecraft:player_kills":1,"minecraft:fly_one_cm":534253,"minecraft:open_chest":25,"minecraft:crouch_one_cm":180,"minecraft:play_time":96887,"minecraft:deaths":5,"minecraft:sneak_time":88,"minecraft:jump":2024,"minecraft:interact_with_blast_furnace":1,"minecraft:walk_on_water_one_cm":2732,"minecraft:interact_with_smoker":1,"minecraft:total_world_time":96887,"minecraft:fall_one_cm":45958},"minecraft:mined":{"minecraft:oak_slab":1,"minecraft:spruce_planks":4,"horror_element_mod:impaled_skeleton":1,"minecraft:dandelion":1,"minecraft:crafting_table":2,"minecraft:grass_block":7,"minecraft:poppy":1,"minecraft:chest":1,"minecraft:dead_bush":3,"minecraft:light_gray_bed":3,"minecraft:campfire":1,"minecraft:spruce_leaves":2,"hunting_delight:wolfcorpse":1,"minecraft:large_fern":1,"horror_element_mod:rotten_body":1,"horror_element_mod:spiked_villager":1,"minecraft:spruce_log":7,"minecraft:grass":3,"minecraft:sand":3,"minecraft:dirt":2,"horror_element_mod:crucified_body":1,"minecraft:white_wool":3,"horror_element_mod:spider_head":1,"minecraft:fern":5},"minecraft:dropped":{"minecraft:daylight_detector":2,"apocalypsenow:kitchen_knife":3,"apocalypsenow:newspaper":2,"hunting_delight:humanmeat":2,"minecraft:feather":5,"hunting_delight:broken_bone":81,"minecraft:rotten_flesh":14,"apocalypsenow:black_football_armor_chestplate":1,"horror_element_mod:spider_head":2,"horror_element_mod:slashed_skull":1,"minecraft:leather_helmet":2,"minecraft:poppy":1,"minecraft:leather_chestplate":2,"minecraft:dirt":7,"minecraft:charcoal":2,"minecraft:wooden_axe":1,"minecraft:light_gray_bed":1,"apocalypsenow:black_football_armor_leggings":1,"minecraft:leather_leggings":1,"hunting_delight:animal_fat_block":1,"hunting_delight:worm":2,"minecraft:string":1,"minecraft:spruce_sapling":1,"minecraft:bone":1},"minecraft:crafted":{"minecraft:crafting_table":2,"minecraft:spruce_planks":24,"minecraft:white_dye":4,"minecraft:white_bed":1,"hunting_delight:huntingknife":1},"minecraft:used":{"apocalypsenow:hammer":5,"hunting_delight:wolfcorpse":2,"horror_element_mod:slashed_skull":1,"minecraft:chest":1,"apocalypsenow:broken_bottle":1,"minecraft:dirt":1,"minecraft:crafting_table":1,"minecraft:oak_slab":1,"apocalypsenow:kitchen_knife":18,"minecraft:wooden_axe":17,"apocalypsenow:gardening_axe":12,"hunting_delight:cookedhumanmeat":1,"minecraft:porkchop":3,"minecraft:cooked_porkchop":1,"minecraft:black_candle":2,"hunting_delight:huntingknife":37,"minecraft:light_gray_bed":4},"minecraft:killed":{"minecraft:cat":1,"minecraft:pig":2,"minecraft:sheep":4,"minecraft:chicken":3,"rottencreatures:hunter_wolf":1,"minecraft:cow":4},"minecraft:picked_up":{"minecraft:charcoal":4,"minecraft:crafting_table":2,"minecraft:leather_chestplate":1,"minecraft:feather":5,"minecraft:chicken":4,"minecraft:leather":4,"minecraft:cooked_rabbit":3,"apocalypsenow:polyester":2,"minecraft:map":3,"minecraft:dirt":8,"minecraft:string":1,"minecraft:leather_boots":2,"minecraft:bone":94,"apocalypsenow:human_flesh":6,"minecraft:spruce_planks":4,"minecraft:beef":32,"minecraft:iron_ingot":1,"minecraft:cooked_chicken":1,"hunting_delight:foxmeat":3,"minecraft:poppy":1,"minecraft:rabbit":1,"minecraft:chest":3,"horror_element_mod:spider_head":2,"hunting_delight:cookeddogmeat":7,"minecraft:oak_slab":1,"minecraft:stick":8,"minecraft:cooked_porkchop":10,"minecraft:daylight_detector":2,"horror_element_mod:slashed_skull":1,"apocalypsenow:textilethread":2,"hunting_delight:humanmeat":12,"hunting_delight:dogmeat":3,"hunting_delight:cookedhumanmeat":4,"minecraft:porkchop":74,"minecraft:white_dye":4,"minecraft:spruce_sapling":1,"minecraft:spruce_log":6,"apocalypsenow:divingsuit_leggings":2,"apocalypsenow:black_football_armor_chestplate":2,"hunting_delight:animal_fat_block":1,"minecraft:leather_helmet":1,"hunting_delight:animal_fat":67,"minecraft:light_gray_bed":5,"minecraft:rotten_flesh":15,"hunting_delight:huntingknife":1,"hunting_delight:wolfcorpse":2,"apocalypsenow:kitchen_knife":4,"hunting_delight:broken_bone":164,"minecraft:bone_meal":4,"minecraft:bread":8,"apocalypsenow:passport_green":1,"minecraft:emerald":2,"apocalypsenow:newspaper":1,"hunting_delight:worm":2,"minecraft:mutton":26,"minecraft:white_wool":3}},"DataVersion":3120}