{"stat.chestOpened":6,"stat.pickup.minecraft.double_plant":4,"stat.walkOneCm":53593,"stat.pickup.minecraft.stone_pressure_plate":1,"stat.leaveGame":1,"stat.useItem.minecraft.cooked_porkchop":2,"stat.mineBlock.minecraft.double_plant":2,"stat.pickup.zawa.legume":1,"stat.talkedToVillager":2,"stat.pickup.minecraft.log":1,"stat.useItem.minecraft.sand":1,"stat.swimOneCm":4135,"stat.jump":450,"stat.useItem.minecraft.double_plant":3,"stat.fallOneCm":11700,"stat.useItem.minecraft.planks":3,"stat.crouchOneCm":109,"stat.pickup.minecraft.dirt":1,"stat.sprintOneCm":102323,"stat.useItem.minecraft.stone_slab2":5,"stat.pickup.minecraft.sand":2,"stat.craftItem.minecraft.planks":4,"stat.damageTaken":80,"stat.pickup.minecraft.feather":2,"stat.mineBlock.zawa.dried_bamboo":1,"stat.mineBlock.minecraft.red_flower":4,"stat.waystones:waystonesActivated":1,"stat.mobKills":3,"stat.mineBlock.minecraft.log":1,"stat.flyOneCm":96501,"stat.pickup.minecraft.iron_door":1,"stat.mineBlock.minecraft.sand":2,"stat.mineBlock.minecraft.leaves":1,"stat.mineBlock.zawa.legume":1,"stat.playOneMinute":23275,"stat.killEntity.Sheep":2,"stat.pickup.minecraft.red_flower":5,"stat.sneakTime":48,"stat.pickup.minecraft.wool":2,"stat.damageDealt":357,"stat.pickup.zawa.dried_bamboo":1,"stat.killEntity.Zombie":1,"stat.sleepInBed":1,"stat.timeSinceDeath":23275,"stat.pickup.zawa.care_guide":1,"stat.mineBlock.minecraft.tallgrass":6,"stat.diveOneCm":3232,"stat.pickup.minecraft.mutton":4}