{"stats":{"minecraft:killed":{"apocalypsenow:runner_49":1,"minecraft:horse":1,"minecraft:zombie":1,"minecraft:pig":1,"apocalypsenow:runner_40":1,"apocalypsenow:runner_42":2},"minecraft:killed_by":{"apocalypsenow:runner_40":1},"minecraft:picked_up":{"minecraft:rotten_flesh":5,"minecraft:leather":2,"minecraft:porkchop":3,"hunting_delight:broken_bone":15,"minecraft:pink_tulip":1,"hunting_delight:animal_fat":4},"minecraft:custom":{"minecraft:time_since_rest":306,"minecraft:open_chest":3,"minecraft:crouch_one_cm":1079,"minecraft:play_time":21062,"minecraft:sprint_one_cm":7040,"minecraft:deaths":1,"minecraft:damage_taken":125,"minecraft:walk_one_cm":39546,"minecraft:sneak_time":1777,"minecraft:walk_under_water_one_cm":119,"minecraft:mob_kills":7,"minecraft:jump":44,"minecraft:damage_dealt":30,"minecraft:leave_game":1,"minecraft:time_since_death":276,"minecraft:walk_on_water_one_cm":66,"minecraft:climb_one_cm":468,"minecraft:total_world_time":21062,"minecraft:talked_to_villager":1,"minecraft:fall_one_cm":627,"minecraft:fly_one_cm":496883},"minecraft:mined":{"minecraft:tall_grass":1}},"DataVersion":3120}