{"stats":{"minecraft:killed_by":{"minecraft:player":1,"apocalypsenow:runner_47":1,"apocalypsenow:runner_34":2,"minecraft:skeleton":1,"apocalypsenow:runner_50":2,"apocalypsenow:runner_52":1,"rottencreatures:frostbitten":1},"minecraft:custom":{"minecraft:mob_kills":5,"minecraft:interact_with_crafting_table":13,"minecraft:damage_dealt_resisted":201,"minecraft:leave_game":1,"minecraft:time_since_death":22379,"minecraft:sleep_in_bed":4,"minecraft:climb_one_cm":40792,"minecraft:time_since_rest":22404,"minecraft:sprint_one_cm":190694,"minecraft:damage_taken":2288,"minecraft:walk_one_cm":185922,"minecraft:trigger_trapped_chest":1,"minecraft:drop":25,"minecraft:damage_dealt":1084,"minecraft:talked_to_villager":8,"minecraft:player_kills":3,"minecraft:fly_one_cm":249130,"minecraft:open_chest":10,"minecraft:crouch_one_cm":3630,"minecraft:play_time":101964,"minecraft:deaths":9,"minecraft:sneak_time":2806,"minecraft:jump":1304,"minecraft:total_world_time":101964,"minecraft:fall_one_cm":39205},"minecraft:dropped":{"minecraft:oak_pressure_plate":1,"minecraft:cobbled_deepslate":1,"hunting_delight:broken_bone":13,"minecraft:rotten_flesh":4,"apocalypsenow:timahawk":1,"horror_element_mod:spider_head":1,"horror_element_mod:slashed_skull":1,"minecraft:diorite":1,"minecraft:spruce_planks":9,"minecraft:light_gray_bed":2,"hunting_delight:goatcorpse":1,"tacz:modern_kinetic_gun":2,"minecraft:wooden_pickaxe":2,"minecraft:beetroot_soup":1},"minecraft:mined":{"minecraft:white_bed":4,"minecraft:powder_snow":17,"minecraft:crafting_table":2,"minecraft:dead_bush":16,"minecraft:spruce_leaves":2,"minecraft:ice":1,"minecraft:spruce_log":7,"minecraft:dirt":3,"hunting_delight:cowcorpse":1,"minecraft:stone":8},"minecraft:crafted":{"minecraft:crafting_table":1,"minecraft:spruce_planks":24,"minecraft:wooden_pickaxe":1,"minecraft:iron_pickaxe":1,"minecraft:stone_pickaxe":1,"apocalypsenow:broken_pool_cue":1},"minecraft:used":{"apocalypsenow:hawkbill_machete":3,"apocalypsenow:hammer":4,"minecraft:wooden_pickaxe":8,"minecraft:dirt":1,"minecraft:crafting_table":2,"minecraft:white_bed":3,"minecraft:black_terracotta":1,"apocalypsenow:broken_pool_cue":25,"minecraft:bread":1,"minecraft:string":1,"minecraft:cobblestone":2,"apocalypsenow:human_flesh":1},"minecraft:killed":{"minecraft:cat":1,"apocalypsenow:runner_45":1,"minecraft:villager":1,"minecraft:cow":1},"minecraft:picked_up":{"minecraft:crafting_table":2,"hunting_delight:goatcorpse":1,"minecraft:leather":4,"minecraft:wooden_pickaxe":1,"minecraft:potato":1,"minecraft:dirt":2,"minecraft:string":1,"minecraft:beetroot_soup":1,"minecraft:apple":4,"apocalypsenow:human_flesh":6,"minecraft:cobbled_deepslate":1,"minecraft:spruce_planks":9,"minecraft:iron_ingot":3,"minecraft:beef":1,"apocalypsenow:red_football_armor_chestplate":1,"apocalypsenow:cleaver":1,"horror_element_mod:spider_head":1,"minecraft:furnace":1,"minecraft:stick":35,"minecraft:black_terracotta":1,"hunting_delight:humanmeat":7,"minecraft:oak_pressure_plate":1,"minecraft:porkchop":1,"apocalypsenow:broken_pool_cue":1,"minecraft:spruce_sapling":2,"hunting_delight:mini_bag":1,"minecraft:white_bed":4,"minecraft:diorite":1,"apocalypsenow:hammer":1,"minecraft:spruce_log":7,"apocalypsenow:modern_tomahawk":1,"hunting_delight:animal_fat_block":1,"hunting_delight:animal_fat":3,"apocalypsenow:timahawk":2,"apocalypsenow:expedition_knife":1,"minecraft:light_gray_bed":2,"minecraft:rotten_flesh":5,"apocalypsenow:hockey_helmet":1,"tacz:modern_kinetic_gun":2,"hunting_delight:broken_bone":52,"hunting_delight:worm":1,"minecraft:red_concrete":1,"minecraft:coal":15,"minecraft:snowball":78,"minecraft:skeleton_skull":2,"minecraft:cobblestone":16}},"DataVersion":3120}