{"stats":{"minecraft:killed_by":{"minecraft:player":1,"apocalypsenow:runner_49":1,"apocalypsenow:runner_34":1,"minecraft:creeper":1,"apocalypsenow:runner_54":1,"apocalypsenow:runner_53":1,"apocalypsenow:runner_35":1},"minecraft:custom":{"minecraft:mob_kills":24,"minecraft:interact_with_crafting_table":2,"minecraft:damage_dealt_resisted":692,"minecraft:leave_game":7,"minecraft:time_since_death":24059,"minecraft:sleep_in_bed":5,"minecraft:climb_one_cm":29149,"minecraft:time_since_rest":24089,"minecraft:damage_taken":2066,"minecraft:sprint_one_cm":194490,"minecraft:walk_one_cm":244981,"minecraft:damage_blocked_by_shield":275,"minecraft:drop":14,"minecraft:damage_dealt":4396,"minecraft:swim_one_cm":30173,"minecraft:player_kills":1,"minecraft:fly_one_cm":400616,"minecraft:open_chest":25,"minecraft:crouch_one_cm":2474,"minecraft:play_time":97996,"minecraft:deaths":7,"minecraft:sneak_time":1639,"minecraft:walk_under_water_one_cm":2043,"minecraft:boat_one_cm":28242,"minecraft:jump":1299,"minecraft:walk_on_water_one_cm":12406,"minecraft:total_world_time":97996,"minecraft:fall_one_cm":29040},"minecraft:mined":{"minecraft:black_terracotta":1,"minecraft:powder_snow":15,"minecraft:crafting_table":2,"minecraft:grass_block":1,"minecraft:dead_bush":15,"minecraft:light_gray_bed":13,"minecraft:tall_grass":2,"minecraft:cobblestone":2,"minecraft:deepslate_coal_ore":4,"minecraft:spruce_leaves":6,"minecraft:red_concrete":1,"minecraft:large_fern":2,"minecraft:red_terracotta":3,"minecraft:ice":2,"minecraft:spruce_log":5,"minecraft:pumpkin":3,"minecraft:grass":2,"bunker_down:steel_block":2},"minecraft:dropped":{"minecraft:iron_ingot":1,"minecraft:wheat_seeds":12,"apocalypsenow:newspaper":1,"minecraft:rotten_flesh":11,"minecraft:red_terracotta":3,"hunting_delight:mini_bag":1,"minecraft:potato":1,"hunting_delight:animal_fat_block":1,"tacz:modern_kinetic_gun":2,"apocalypsenow:red_football_armor_chestplate":1,"apocalypsenow:cleaver":1},"minecraft:crafted":{"minecraft:crafting_table":1,"minecraft:spruce_planks":20,"minecraft:wooden_pickaxe":1,"minecraft:bone_meal":64,"hunting_delight:mini_bag":1,"minecraft:shield":1,"minecraft:spruce_boat":1,"apocalypsenow:broken_pool_cue":1,"hunting_delight:huntingknife":1},"minecraft:used":{"minecraft:wooden_pickaxe":12,"minecraft:spruce_planks":2,"minecraft:shield":17,"apocalypsenow:broken_bottle":1,"apocalypsenow:cleaver":11,"minecraft:dirt":1,"apocalypsenow:red_football_armor_helmet":1,"minecraft:crafting_table":2,"bunker_down:brittle_pickaxe":2,"minecraft:snowball":5,"apocalypsenow:red_football_armor_chestplate":1,"apocalypsenow:u_sarmy_leggings":1,"minecraft:spruce_boat":1,"apocalypsenow:broken_pool_cue":33,"minecraft:sweet_berries":1,"apocalypsenow:taiga_1_survival_machete":77,"hunting_delight:huntingknife":3,"minecraft:light_gray_bed":9},"minecraft:killed":{"minecraft:cat":1,"minecraft:pig":1,"apocalypsenow:runner_40":1,"apocalypsenow:looter_1":2,"apocalypsenow:runner_37":1,"minecraft:iron_golem":1,"apocalypsenow:runner_54":1,"apocalypsenow:runner_35":2,"minecraft:sheep":4,"apocalypsenow:rat":1,"apocalypsenow:runner_48":2,"apocalypsenow:cockroach":2,"apocalypsenow:runner_53":1,"apocalypsenow:runner_51":1,"apocalypsenow:runner_34":1,"minecraft:cow":2},"minecraft:picked_up":{"minecraft:crafting_table":7,"minecraft:wheat":2,"minecraft:leather":12,"minecraft:wooden_pickaxe":5,"minecraft:potato":40,"apocalypsenow:taiga_1_survival_machete":5,"minecraft:shield":5,"minecraft:string":11,"minecraft:dirt":1,"bunker_down:steel_block":2,"apocalypsenow:u_sarmy_leggings":5,"minecraft:bone":46,"minecraft:apple":6,"apocalypsenow:human_flesh":28,"minecraft:wheat_seeds":30,"minecraft:spruce_planks":10,"minecraft:iron_ingot":3,"minecraft:beef":43,"apocalypsenow:dead_rat":1,"apocalypsenow:cleaver":5,"apocalypsenow:broken_bottle":2,"apocalypsenow:red_football_armor_helmet":5,"minecraft:book":10,"minecraft:stick":121,"minecraft:pumpkin":9,"minecraft:sweet_berries":169,"apocalypsenow:atlast_7_chestplate":5,"hunting_delight:humanmeat":24,"minecraft:porkchop":6,"minecraft:white_dye":5,"apocalypsenow:broken_pool_cue":5,"minecraft:spruce_log":5,"minecraft:red_terracotta":18,"hunting_delight:animal_fat_block":6,"apocalypsenow:bricktoys":4,"hunting_delight:animal_fat":16,"minecraft:light_gray_bed":14,"minecraft:rotten_flesh":36,"minecraft:spruce_boat":5,"hunting_delight:huntingknife":5,"tacz:modern_kinetic_gun":2,"hunting_delight:broken_bone":379,"minecraft:bread":12,"apocalypsenow:newspaper":1,"apocalypsenow:simplebackpack":5,"firstaid:bandage":10,"apocalypsenow:dead_cockroach":2,"minecraft:red_concrete":1,"minecraft:mutton":19,"minecraft:coal":34,"minecraft:snowball":69,"minecraft:white_wool":23}},"DataVersion":3120}