{"stats":{"minecraft:custom":{"minecraft:jump":18,"minecraft:open_chest":1,"minecraft:time_since_rest":4251,"minecraft:leave_game":1,"minecraft:sprint_one_cm":141,"minecraft:walk_on_water_one_cm":4974,"minecraft:play_time":4251,"minecraft:damage_taken":100,"minecraft:time_since_death":4251,"minecraft:walk_one_cm":4890,"minecraft:sneak_time":3,"minecraft:climb_one_cm":413,"minecraft:total_world_time":4251,"minecraft:walk_under_water_one_cm":5400,"minecraft:swim_one_cm":7968,"minecraft:fly_one_cm":420},"minecraft:mined":{"minecraft:cobblestone":1},"minecraft:used":{"minecraft:wooden_pickaxe":1,"minecraft:potato":3},"minecraft:picked_up":{"minecraft:string":1,"minecraft:cobblestone":1}},"DataVersion":3120}