{"stat.flyOneCm":147822,"stat.walkOneCm":8364,"stat.useItem.quark.pickarang":1,"stat.jump":78,"stat.swimOneCm":1483,"stat.mineBlock.minecraft.leaves":1,"stat.playOneMinute":14615,"stat.fallOneCm":2141,"stat.leaveGame":1,"stat.sneakTime":116,"stat.damageTaken":30,"stat.damageDealt":29,"stat.crouchOneCm":15,"stat.timeSinceDeath":14615,"stat.pickup.minecraft.dirt":1,"stat.mineBlock.minecraft.dirt":1,"stat.sprintOneCm":20658,"stat.useItem.minecraft.stone_slab2":1,"stat.mineBlock.minecraft.tallgrass":1,"stat.diveOneCm":256}