{"stats":{"minecraft:killed_by":{"minecraft:player":3,"apocalypsenow:runner_34":1,"apocalypsenow:runner_36":1,"apocalypsenow:runner_35":2,"apocalypsenow:runner_45":1,"rottencreatures:frostbitten":1},"minecraft:custom":{"minecraft:mob_kills":14,"minecraft:interact_with_crafting_table":5,"minecraft:damage_dealt_resisted":1311,"minecraft:leave_game":2,"minecraft:time_since_death":5310,"minecraft:climb_one_cm":36865,"minecraft:sprint_one_cm":186847,"minecraft:walk_one_cm":131664,"minecraft:drop":49,"minecraft:talked_to_villager":2,"minecraft:play_time":69926,"minecraft:deaths":9,"minecraft:sneak_time":863,"minecraft:jump":1621,"minecraft:total_world_time":69926,"minecraft:interact_with_furnace":12,"minecraft:sleep_in_bed":3,"minecraft:time_since_rest":5334,"minecraft:damage_taken":2415,"minecraft:trigger_trapped_chest":5,"minecraft:damage_dealt":2421,"minecraft:fly_one_cm":341572,"minecraft:player_kills":2,"minecraft:open_chest":23,"minecraft:crouch_one_cm":3028,"minecraft:fall_one_cm":43247},"minecraft:mined":{"minecraft:dark_oak_planks":1,"hunting_delight:sheepcorpse":1,"minecraft:brewing_stand":2,"minecraft:light_gray_bed":4,"hunting_delight:goatcorpse":1,"minecraft:oak_pressure_plate":2,"minecraft:spruce_leaves":3,"horror_element_mod:rotten_body":1,"minecraft:furnace":9,"minecraft:iron_ore":2,"minecraft:sticky_piston":1,"minecraft:cobbled_deepslate":2,"minecraft:stripped_spruce_log":3,"minecraft:vine":5,"hunting_delight:cowcorpse":3,"minecraft:stone":10,"horror_element_mod:spider_head":1,"horror_element_mod:sound_block":2,"horror_element_mod:impaled_skeleton":1,"mekanism:osmium_ore":4,"minecraft:smoker":1,"minecraft:powder_snow":22,"minecraft:crafting_table":2,"minecraft:blast_furnace":1,"minecraft:dead_bush":36,"minecraft:campfire":1,"minecraft:tall_grass":2,"minecraft:red_concrete":3,"minecraft:cracked_deepslate_bricks":1,"minecraft:diorite":1,"minecraft:blue_bed":1,"minecraft:wall_torch":1,"minecraft:amethyst_block":1,"minecraft:trapped_chest":1,"minecraft:redstone_torch":1,"horror_element_mod:spiked_villager":2,"minecraft:ice":1,"minecraft:spruce_log":11,"minecraft:white_carpet":3,"minecraft:grass":1,"minecraft:cracked_deepslate_tiles":1,"minecraft:oak_log":14,"minecraft:coal_ore":10,"minecraft:dirt":6,"minecraft:oak_leaves":6},"minecraft:dropped":{"apocalypsenow:human_flesh":1,"minecraft:iron_ingot":3,"minecraft:moss_block":5,"minecraft:wheat_seeds":1,"minecraft:oak_pressure_plate":2,"minecraft:cobblestone":5,"hunting_delight:broken_bone":38,"horror_element_mod:spider_head":1,"minecraft:amethyst_block":1,"hunting_delight:cowcorpse":3,"horror_element_mod:slashed_skull":1,"minecraft:stick":2,"minecraft:cobweb":5,"minecraft:diorite":1,"minecraft:cracked_deepslate_tiles":1,"minecraft:snowball":67,"apocalypsenow:modern_tomahawk":1,"minecraft:paper":1,"minecraft:dark_oak_planks":1,"minecraft:string":1,"minecraft:beetroot_soup":1,"apocalypsenow:expedition_knife":1,"minecraft:bone":4,"minecraft:blackstone":2,"apocalypsenow:hammer":1,"minecraft:cobbled_deepslate":1,"minecraft:sticky_piston":1,"minecraft:white_carpet":3,"minecraft:rotten_flesh":8,"minecraft:potato":1,"minecraft:skeleton_skull":9,"minecraft:redstone_torch":1,"minecraft:wooden_pickaxe":2},"minecraft:crafted":{"minecraft:stone_pickaxe":1,"hunting_delight:huntingknife":1,"minecraft:crafting_table":2,"minecraft:spruce_planks":16,"minecraft:wooden_pickaxe":1,"minecraft:air":0,"minecraft:iron_chestplate":1,"minecraft:stick":4,"minecraft:iron_ingot":2,"apocalypsenow:broken_pool_cue":4},"minecraft:used":{"minecraft:red_concrete":2,"minecraft:spruce_planks":2,"minecraft:torch":1,"apocalypsenow:modern_tomahawk":5,"minecraft:furnace":3,"minecraft:trapped_chest":1,"apocalypsenow:podao":3,"minecraft:light_gray_bed":4,"minecraft:amethyst_block":1,"minecraft:stone_pickaxe":33,"minecraft:wooden_pickaxe":33,"minecraft:blue_bed":1,"minecraft:crafting_table":3,"minecraft:spruce_log":1,"apocalypsenow:timahawk":79,"apocalypsenow:broken_pool_cue":3,"hunting_delight:cowcorpse":1,"apocalypsenow:expedition_knife":27,"minecraft:cobblestone":1},"minecraft:killed":{"apocalypsenow:runner_35":3,"apocalypsenow:runner_45":3,"minecraft:pig":1,"minecraft:iron_golem":1,"minecraft:frog":1,"apocalypsenow:runner_50":2,"minecraft:sheep":1,"minecraft:goat":1,"minecraft:cow":2},"minecraft:picked_up":{"minecraft:charcoal":4,"minecraft:crafting_table":3,"minecraft:wheat":2,"minecraft:splash_potion":2,"minecraft:wooden_pickaxe":2,"minecraft:brewing_stand":3,"minecraft:amethyst_block":2,"minecraft:beetroot_soup":2,"minecraft:white_carpet":3,"minecraft:sticky_piston":2,"minecraft:blackstone":2,"minecraft:cobbled_deepslate":1,"minecraft:spruce_planks":9,"minecraft:beef":4,"minecraft:redstone_torch":1,"minecraft:poppy":2,"minecraft:furnace":12,"minecraft:stick":34,"minecraft:raw_iron":2,"horror_element_mod:slashed_skull":1,"hunting_delight:humanmeat":4,"minecraft:torch":2,"minecraft:diorite":1,"minecraft:dark_oak_planks":1,"apocalypsenow:timahawk":2,"apocalypsenow:whisky":2,"minecraft:light_gray_bed":6,"minecraft:rotten_flesh":16,"minecraft:cobblestone":14,"minecraft:mutton":2,"minecraft:snowball":67,"minecraft:skeleton_skull":10,"minecraft:white_wool":1,"minecraft:cracked_deepslate_tiles":1,"minecraft:leather":2,"minecraft:smoker":2,"minecraft:potato":2,"hunting_delight:cowcorpse":4,"minecraft:oak_log":13,"minecraft:blue_bed":1,"minecraft:dirt":1,"minecraft:bone":4,"minecraft:apple":1,"minecraft:wheat_seeds":1,"apocalypsenow:human_flesh":6,"minecraft:iron_ingot":4,"minecraft:stone_pickaxe":1,"minecraft:cobweb":5,"minecraft:moss_block":5,"horror_element_mod:spider_head":1,"minecraft:oak_pressure_plate":3,"minecraft:stripped_spruce_log":6,"minecraft:blast_furnace":1,"minecraft:spruce_log":11,"minecraft:trapped_chest":2,"mekanism:raw_osmium":4,"hunting_delight:animal_fat":8,"hunting_delight:huntingknife":1,"hunting_delight:broken_bone":88,"minecraft:oak_sapling":2,"minecraft:red_concrete":2,"minecraft:coal":11}},"DataVersion":3120}