{
  "minecraft:recipes/decorations/item_frame": {
    "criteria": {
      "has_leather": "2024-06-18 23:20:31 +0000"
    },
    "done": true
  },
  "minecraft:recipes/food/cooked_porkchop_from_campfire_cooking": {
    "criteria": {
      "has_porkchop": "2024-06-18 23:19:47 +0000"
    },
    "done": true
  },
  "incendium:technical/on_block": {
    "criteria": {
      "log_spam_fixer": "2024-06-18 23:21:52 +0000"
    },
    "done": false
  },
  "incendium:technical/on_kill": {
    "criteria": {
      "log_spam_fixer": "2024-06-18 23:21:52 +0000"
    },
    "done": false
  },
  "sophisticatedbackpacks:recipes/sophisticatedbackpacks/backpack": {
    "criteria": {
      "has_leather": "2024-06-18 23:20:31 +0000"
    },
    "done": true
  },
  "minecraft:recipes/combat/leather_chestplate": {
    "criteria": {
      "has_leather": "2024-06-18 23:20:31 +0000"
    },
    "done": true
  },
  "incendium:technical/using/trailblazer": {
    "criteria": {
      "log_spam_fixer": "2024-06-18 23:04:55 +0000"
    },
    "done": false
  },
  "incendium:technical/on_player_hurt": {
    "criteria": {
      "log_spam_fixer": "2024-06-18 23:21:52 +0000"
    },
    "done": false
  },
  "minecraft:adventure/kill_a_mob": {
    "criteria": {
      "minecraft:blaze": "2024-06-18 23:19:29 +0000",
      "minecraft:pillager": "2024-06-18 23:19:29 +0000",
      "minecraft:skeleton": "2024-06-18 23:19:29 +0000",
      "minecraft:elder_guardian": "2024-06-18 23:19:29 +0000",
      "minecraft:zoglin": "2024-06-18 23:19:29 +0000",
      "minecraft:ravager": "2024-06-18 23:19:29 +0000",
      "minecraft:ghast": "2024-06-18 23:19:29 +0000",
      "minecraft:hoglin": "2024-06-18 23:19:29 +0000",
      "minecraft:guardian": "2024-06-18 23:19:29 +0000",
      "minecraft:vindicator": "2024-06-18 23:19:29 +0000",
      "minecraft:magma_cube": "2024-06-18 23:19:29 +0000",
      "minecraft:piglin_brute": "2024-06-18 23:19:29 +0000",
      "minecraft:spider": "2024-06-18 23:19:29 +0000",
      "minecraft:creeper": "2024-06-18 23:19:29 +0000",
      "minecraft:wither": "2024-06-18 23:19:29 +0000",
      "minecraft:evoker": "2024-06-18 23:19:29 +0000",
      "minecraft:slime": "2024-06-18 23:19:29 +0000",
      "minecraft:phantom": "2024-06-18 23:19:29 +0000",
      "minecraft:zombified_piglin": "2024-06-18 23:19:29 +0000",
      "minecraft:witch": "2024-06-18 23:19:29 +0000",
      "minecraft:wither_skeleton": "2024-06-18 23:19:29 +0000",
      "minecraft:husk": "2024-06-18 23:19:29 +0000",
      "minecraft:ender_dragon": "2024-06-18 23:19:29 +0000",
      "minecraft:shulker": "2024-06-18 23:19:29 +0000",
      "minecraft:cave_spider": "2024-06-18 23:19:29 +0000",
      "minecraft:piglin": "2024-06-18 23:19:29 +0000",
      "minecraft:enderman": "2024-06-18 23:19:29 +0000",
      "minecraft:silverfish": "2024-06-18 23:19:29 +0000",
      "minecraft:stray": "2024-06-18 23:19:29 +0000",
      "minecraft:endermite": "2024-06-18 23:19:29 +0000",
      "minecraft:vex": "2024-06-18 23:19:29 +0000",
      "minecraft:zombie": "2024-06-18 23:19:29 +0000",
      "minecraft:drowned": "2024-06-18 23:19:29 +0000",
      "minecraft:zombie_villager": "2024-06-18 23:19:29 +0000"
    },
    "done": true
  },
  "minecraft:adventure/kill_all_mobs": {
    "criteria": {
      "minecraft:zombie": "2024-06-18 23:19:59 +0000"
    },
    "done": false
  },
  "ags_day_counter:day_counter_root_advancement": {
    "criteria": {
      "day_counter_root_advancement": "2024-06-18 23:04:53 +0000"
    },
    "done": true
  },
  "incendium:technical/scroll_of_returning": {
    "criteria": {
      "log_spam_fixer": "2024-06-18 23:04:55 +0000"
    },
    "done": false
  },
  "incendium:technical/multiplex_crossbow": {
    "criteria": {
      "log_spam_fixer": "2024-06-18 23:21:52 +0000"
    },
    "done": false
  },
  "incendium:technical/sentrys_wrath": {
    "criteria": {
      "log_spam_fixer": "2024-06-18 23:21:52 +0000"
    },
    "done": false
  },
  "mekanism:root": {
    "criteria": {
      "automatic": "2024-06-18 23:04:53 +0000"
    },
    "done": true
  },
  "bunker_down:first_joined_world": {
    "criteria": {
      "first_joined_world": "2024-06-18 23:04:53 +0000"
    },
    "done": true
  },
  "incendium:technical/firestorm": {
    "criteria": {
      "log_spam_fixer": "2024-06-18 23:21:52 +0000"
    },
    "done": false
  },
  "minecraft:recipes/combat/leather_helmet": {
    "criteria": {
      "has_leather": "2024-06-18 23:20:31 +0000"
    },
    "done": true
  },
  "minecraft:adventure/adventuring_time": {
    "criteria": {
      "minecraft:frozen_river": "2024-06-18 23:06:32 +0000",
      "minecraft:windswept_hills": "2024-06-18 23:15:26 +0000",
      "minecraft:beach": "2024-06-18 23:15:04 +0000",
      "minecraft:snowy_taiga": "2024-06-18 23:07:12 +0000",
      "minecraft:swamp": "2024-06-18 23:14:58 +0000",
      "minecraft:cold_ocean": "2024-06-18 23:15:00 +0000",
      "minecraft:lush_caves": "2024-06-18 23:05:02 +0000",
      "minecraft:windswept_forest": "2024-06-18 23:14:52 +0000",
      "minecraft:windswept_savanna": "2024-06-18 23:16:16 +0000"
    },
    "done": false
  },
  "incendium:technical/using/ragnarok": {
    "criteria": {
      "log_spam_fixer": "2024-06-18 23:04:55 +0000"
    },
    "done": false
  },
  "minecraft:recipes/decorations/chest": {
    "criteria": {
      "has_lots_of_items": "2024-06-18 23:22:00 +0000"
    },
    "done": true
  },
  "incendium:technical/feed_ghastling": {
    "criteria": {
      "log_spam_fixer": "2024-06-18 23:21:52 +0000"
    },
    "done": false
  },
  "incendium:technical/inventory/sentrys_wrath": {
    "criteria": {
      "log_spam_fixer": "2024-06-18 23:21:52 +0000"
    },
    "done": false
  },
  "incendium:technical/new_player": {
    "criteria": {
      "requirement": "2024-06-18 23:04:53 +0000"
    },
    "done": true
  },
  "sophisticatedbackpacks:recipes/sophisticatedbackpacks/upgrade_base": {
    "criteria": {
      "has_leather": "2024-06-18 23:20:31 +0000"
    },
    "done": true
  },
  "ags_day_counter:firts_day_advancement": {
    "criteria": {
      "firts_day_advancement": "2024-06-18 23:20:52 +0000"
    },
    "done": true
  },
  "incendium:technical/holy_wrath": {
    "criteria": {
      "log_spam_fixer": "2024-06-18 23:21:52 +0000"
    },
    "done": false
  },
  "incendium:technical/inventory/firestorm": {
    "criteria": {
      "log_spam_fixer": "2024-06-18 23:21:52 +0000"
    },
    "done": false
  },
  "minecraft:recipes/misc/pink_dye_from_pink_tulip": {
    "criteria": {
      "has_pink_tulip": "2024-06-18 23:20:01 +0000"
    },
    "done": true
  },
  "minecraft:recipes/food/cooked_porkchop_from_smoking": {
    "criteria": {
      "has_porkchop": "2024-06-18 23:19:47 +0000"
    },
    "done": true
  },
  "minecraft:recipes/food/cooked_porkchop": {
    "criteria": {
      "has_porkchop": "2024-06-18 23:19:47 +0000"
    },
    "done": true
  },
  "minecraft:adventure/root": {
    "criteria": {
      "killed_something": "2024-06-18 23:19:29 +0000"
    },
    "done": true
  },
  "minecraft:recipes/combat/leather_boots": {
    "criteria": {
      "has_leather": "2024-06-18 23:20:31 +0000"
    },
    "done": true
  },
  "incendium:technical/using/shield": {
    "criteria": {
      "log_spam_fixer": "2024-06-18 23:04:55 +0000"
    },
    "done": false
  },
  "incendium:technical/on_inventory_change": {
    "criteria": {
      "log_spam_fixer": "2024-06-18 23:21:52 +0000"
    },
    "done": false
  },
  "minecraft:recipes/misc/leather_horse_armor": {
    "criteria": {
      "has_leather": "2024-06-18 23:20:31 +0000"
    },
    "done": true
  },
  "minecraft:recipes/combat/leather_leggings": {
    "criteria": {
      "has_leather": "2024-06-18 23:20:31 +0000"
    },
    "done": true
  },
  "incendium:technical/give_ghastling": {
    "criteria": {
      "log_spam_fixer": "2024-06-18 23:21:52 +0000"
    },
    "done": false
  },
  "DataVersion": 3120
}